﻿<?xml version="1.0" encoding="UTF-8"?>
<MetaDataObject xmlns="http://v8.1c.ru/8.3/MDClasses" xmlns:app="http://v8.1c.ru/8.2/managed-application/core" xmlns:cfg="http://v8.1c.ru/8.1/data/enterprise/current-config" xmlns:cmi="http://v8.1c.ru/8.2/managed-application/cmi" xmlns:ent="http://v8.1c.ru/8.1/data/enterprise" xmlns:lf="http://v8.1c.ru/8.2/managed-application/logform" xmlns:style="http://v8.1c.ru/8.1/data/ui/style" xmlns:sys="http://v8.1c.ru/8.1/data/ui/fonts/system" xmlns:v8="http://v8.1c.ru/8.1/data/core" xmlns:v8ui="http://v8.1c.ru/8.1/data/ui" xmlns:web="http://v8.1c.ru/8.1/data/ui/colors/web" xmlns:win="http://v8.1c.ru/8.1/data/ui/colors/windows" xmlns:xen="http://v8.1c.ru/8.3/xcf/enums" xmlns:xpr="http://v8.1c.ru/8.3/xcf/predef" xmlns:xr="http://v8.1c.ru/8.3/xcf/readable" xmlns:xs="http://www.w3.org/2001/XMLSchema" xmlns:xsi="http://www.w3.org/2001/XMLSchema-instance" version="2.20">
	<Enum uuid="6c73caca-3844-4b0d-b56e-c3418509aee6">
		<InternalInfo>
			<xr:GeneratedType name="EnumRef.ВидыНоменклатуры" category="Ref">
				<xr:TypeId>76610150-0c42-47e5-b1ef-b405453dee85</xr:TypeId>
				<xr:ValueId>87952581-68bb-46a4-b715-81656e95ae08</xr:ValueId>
			</xr:GeneratedType>
			<xr:GeneratedType name="EnumManager.ВидыНоменклатуры" category="Manager">
				<xr:TypeId>44d699af-c982-472c-88b1-9ae3da63d1c5</xr:TypeId>
				<xr:ValueId>ef9f5f35-bf00-44d1-8a75-0325fdfd3df8</xr:ValueId>
			</xr:GeneratedType>
			<xr:GeneratedType name="EnumList.ВидыНоменклатуры" category="List">
				<xr:TypeId>c277982c-5a9a-40ac-8e7a-86df2adf19e6</xr:TypeId>
				<xr:ValueId>5ca24650-87eb-4165-8713-c67184899313</xr:ValueId>
			</xr:GeneratedType>
		</InternalInfo>
		<Properties>
			<Name>ВидыНоменклатуры</Name>
			<Synonym>
				<v8:item>
					<v8:lang>ru</v8:lang>
					<v8:content>Виды номенклатуры</v8:content>
				</v8:item>
			</Synonym>
			<Comment/>
			<UseStandardCommands>false</UseStandardCommands>
			<Characteristics/>
			<QuickChoice>true</QuickChoice>
			<ChoiceMode>BothWays</ChoiceMode>
			<DefaultListForm/>
			<DefaultChoiceForm/>
			<AuxiliaryListForm/>
			<AuxiliaryChoiceForm/>
			<ListPresentation/>
			<ExtendedListPresentation/>
			<Explanation/>
			<ChoiceHistoryOnInput>Auto</ChoiceHistoryOnInput>
		</Properties>
		<ChildObjects>
			<EnumValue uuid="9b31c73f-833d-4538-9381-a61bfbb3c5b1">
				<Properties>
					<Name>Товар</Name>
					<Synonym>
						<v8:item>
							<v8:lang>ru</v8:lang>
							<v8:content>Товар</v8:content>
						</v8:item>
					</Synonym>
					<Comment/>
				</Properties>
			</EnumValue>
			<EnumValue uuid="77f3f130-136e-4611-9c88-e68fc9c1343c">
				<Properties>
					<Name>Услуга</Name>
					<Synonym>
						<v8:item>
							<v8:lang>ru</v8:lang>
							<v8:content>Услуга</v8:content>
						</v8:item>
					</Synonym>
					<Comment/>
				</Properties>
			</EnumValue>
		</ChildObjects>
	</Enum>
</MetaDataObject>