﻿<?xml version="1.0" encoding="UTF-8"?>
<ConfigDumpInfo xmlns="http://v8.1c.ru/8.3/xcf/dumpinfo" xmlns:xen="http://v8.1c.ru/8.3/xcf/enums" xmlns:xs="http://www.w3.org/2001/XMLSchema" xmlns:xsi="http://www.w3.org/2001/XMLSchema-instance" format="Hierarchical" version="2.20">
	<ConfigVersions>
		<Metadata name="AccumulationRegister.ЗатратыНаСтроительство" id="62bde94e-bf85-4d4c-b942-0c3c54180ed5" configVersion="e99858de2dcc364cb4ccd5756d0326fc00000000">
			<Metadata name="AccumulationRegister.ЗатратыНаСтроительство.Resource.Количество" id="28b779ff-f835-4320-943f-c9a1a28006b0"/>
			<Metadata name="AccumulationRegister.ЗатратыНаСтроительство.Dimension.ТипЗатрат" id="2aea591c-1c63-4469-904c-4d2b6d36f12f"/>
			<Metadata name="AccumulationRegister.ЗатратыНаСтроительство.Dimension.ОбъектСтроительства" id="4da518f8-dfb1-481b-92a0-84467e53afa0"/>
			<Metadata name="AccumulationRegister.ЗатратыНаСтроительство.Resource.Сумма" id="55e9e573-f8e9-4824-89cf-6aaea5dbc2f7"/>
			<Metadata name="AccumulationRegister.ЗатратыНаСтроительство.Dimension.Номенклатура" id="854f175b-26e1-47ba-b1b7-b75217900d53"/>
		</Metadata>
		<Metadata name="Catalog.Номенклатура" id="48889158-0658-4435-96e3-555ef8dc1f0f" configVersion="b37e28dfc9dc204fa39b42561933930100000000">
			<Metadata name="Catalog.Номенклатура.Attribute.ВидНоменклатуры" id="1334d0fe-e120-4fec-b750-98b65c0b0f4c"/>
			<Metadata name="Catalog.Номенклатура.Attribute.ЕдиницаИзмерения" id="213033da-b49f-41ce-a4f3-ab339b3e66c4"/>
		</Metadata>
		<Metadata name="Catalog.ОбъектыСтроительства" id="0d15fa89-2a1f-4fdc-a052-ae02b174e747" configVersion="d35f29c21244804dadb6e2ce27fb386000000000">
			<Metadata name="Catalog.ОбъектыСтроительства.Attribute.Адрес" id="f9199086-85f4-4d38-8934-a5b126ba4c6d"/>
		</Metadata>
		<Metadata name="Configuration.Конфигурация" id="b321e6e8-4332-42ab-b8c0-35c637cfd2ff" configVersion="8d1c527cc327c844a678e551785cb00d00000000"/>
		<Metadata name="Document.АктВыполненныхРабот" id="b088cf3d-ed2e-42f8-a894-9bc72db6e4f7" configVersion="cfa5053336823647b0e3e5d97fa11d6100000000">
			<Metadata name="Document.АктВыполненныхРабот.Attribute.ОбъектСтроительства" id="0bc2bb56-82b7-4e43-9b0f-a08e95b9a724"/>
			<Metadata name="Document.АктВыполненныхРабот.TabularSection.СоставСметы.Attribute.Номенклатура" id="18bf4373-903d-49ad-9f6e-8d996d7f8932"/>
			<Metadata name="Document.АктВыполненныхРабот.TabularSection.СоставСметы" id="3996d4ac-a4bd-4580-9ff5-326df22a4462"/>
			<Metadata name="Document.АктВыполненныхРабот.TabularSection.СоставСметы.Attribute.Количество" id="56db84b6-82ad-4cff-a6b8-d9ed100a242f"/>
			<Metadata name="Document.АктВыполненныхРабот.TabularSection.СоставСметы.Attribute.Цена" id="d48c049c-1c35-42c4-af6e-27b206948e58"/>
			<Metadata name="Document.АктВыполненныхРабот.TabularSection.СоставСметы.Attribute.Сумма" id="d6bce600-d83a-4dc0-99b7-871e10e6a75c"/>
		</Metadata>
		<Metadata name="Document.АктВыполненныхРабот.AdditionalIndexes" id="b088cf3d-ed2e-42f8-a894-9bc72db6e4f7.3" configVersion="59c92eb14d02514bbb49b83cf811ce8a00000000"/>
		<Metadata name="Document.АктВыполненныхРабот.Form.ФормаДокумента" id="bdcc9c7a-d826-49db-a654-f8dad6e27bed" configVersion="dcbafb3541637343ad5acc611a0813ae00000000"/>
		<Metadata name="Document.АктВыполненныхРабот.Form.ФормаДокумента.Form" id="bdcc9c7a-d826-49db-a654-f8dad6e27bed.0" configVersion="564753aa046f324f88581eceecb0ef0200000000"/>
		<Metadata name="Document.АктВыполненныхРабот.Form.ФормаДокумента.Help" id="bdcc9c7a-d826-49db-a654-f8dad6e27bed.1" configVersion="4896d31c3a30344c9b60c76579fd618400000000"/>
		<Metadata name="Document.АктВыполненныхРабот.Help" id="b088cf3d-ed2e-42f8-a894-9bc72db6e4f7.1" configVersion="720d73b293d0ed4db5b6e8e133ddc3ab00000000"/>
		<Metadata name="Document.АктВыполненныхРабот.ManagerModule" id="b088cf3d-ed2e-42f8-a894-9bc72db6e4f7.2" configVersion="6c6fbfb9276616449cdeae719c82f94500000000"/>
		<Metadata name="Document.АктВыполненныхРабот.ObjectModule" id="b088cf3d-ed2e-42f8-a894-9bc72db6e4f7.0" configVersion="0e7d84ebc3f91a4396fc600c02c3fcc200000000"/>
		<Metadata name="Document.Смета" id="e7a17cc7-c637-485d-8dd7-9ff2cc7e57b1" configVersion="426a2fc2dbfd9142a9b28d7bbdd5bfe900000000">
			<Metadata name="Document.Смета.TabularSection.СоставСметы.Attribute.Цена" id="05443725-1706-4b3c-b96e-367226b75d72"/>
			<Metadata name="Document.Смета.TabularSection.СоставСметы" id="32ff4f25-1961-405b-a97c-f80c85850ff1"/>
			<Metadata name="Document.Смета.TabularSection.СоставСметы.Attribute.Сумма" id="8de19a91-5ba4-45b2-93a0-20033b2594e6"/>
			<Metadata name="Document.Смета.Attribute.ОбъектСтроительства" id="a6114b0d-dddd-47f9-b2de-ecfc5f56977d"/>
			<Metadata name="Document.Смета.TabularSection.СоставСметы.Attribute.Количество" id="a84097e3-66b2-41a0-82e3-25c89d0a43fb"/>
			<Metadata name="Document.Смета.TabularSection.СоставСметы.Attribute.Номенклатура" id="f30fbf56-2b71-4988-b077-b7871ea3b284"/>
		</Metadata>
		<Metadata name="Document.Смета.Form.ФормаДокумента" id="6ade1a31-5acc-497e-9ef0-687bc9716dab" configVersion="504ab6fb36024944a8f48be6c3465c2a00000000"/>
		<Metadata name="Document.Смета.Form.ФормаДокумента.Form" id="6ade1a31-5acc-497e-9ef0-687bc9716dab.0" configVersion="940f95d545434947a608d713cea11bb900000000"/>
		<Metadata name="Document.Смета.ObjectModule" id="e7a17cc7-c637-485d-8dd7-9ff2cc7e57b1.0" configVersion="dd16697b40319249be51783218caf68000000000"/>
		<Metadata name="Enum.ВидыДвижений" id="223ec111-edd1-4cf9-9f53-1ae329d6d95e" configVersion="786e9935ee034841bafafeff8a8b25a300000000">
			<Metadata name="Enum.ВидыДвижений.EnumValue.Факт" id="0889da40-e616-4422-a735-fb6e8f030298"/>
			<Metadata name="Enum.ВидыДвижений.EnumValue.План" id="93f6b991-a160-4c64-aba9-6d2b2ed59b1c"/>
		</Metadata>
		<Metadata name="Enum.ВидыНоменклатуры" id="6c73caca-3844-4b0d-b56e-c3418509aee6" configVersion="8c38a373dc84bb4db2dec1f886be1c7800000000">
			<Metadata name="Enum.ВидыНоменклатуры.EnumValue.Услуга" id="77f3f130-136e-4611-9c88-e68fc9c1343c"/>
			<Metadata name="Enum.ВидыНоменклатуры.EnumValue.Товар" id="9b31c73f-833d-4538-9381-a61bfbb3c5b1"/>
		</Metadata>
		<Metadata name="Language.Русский" id="3554a253-4852-4a13-9f28-374c814ee280" configVersion="274429e0b8d37e4992c16d9be5bd498500000000"/>
		<Metadata name="Report.ПланФактныйАнализ" id="866ff20e-c58f-491f-bf83-a78727c0bb26" configVersion="df5de505fd6def48a8022c23c87145cb00000000"/>
		<Metadata name="Report.ПланФактныйАнализ.Template.ОсновнаяСхемаКомпоновкиДанных" id="ba0c9c9b-64b5-40e9-b731-b33f35399830" configVersion="b5b28b039048ea429298d24b37acb96b00000000"/>
		<Metadata name="Report.ПланФактныйАнализ.Template.ОсновнаяСхемаКомпоновкиДанных.Template" id="ba0c9c9b-64b5-40e9-b731-b33f35399830.0" configVersion="ac56aa7614b3f045a580db5860f6eca200000000"/>
	</ConfigVersions>
</ConfigDumpInfo>