﻿<?xml version="1.0" encoding="UTF-8"?>
<MetaDataObject xmlns="http://v8.1c.ru/8.3/MDClasses" xmlns:app="http://v8.1c.ru/8.2/managed-application/core" xmlns:cfg="http://v8.1c.ru/8.1/data/enterprise/current-config" xmlns:cmi="http://v8.1c.ru/8.2/managed-application/cmi" xmlns:ent="http://v8.1c.ru/8.1/data/enterprise" xmlns:lf="http://v8.1c.ru/8.2/managed-application/logform" xmlns:style="http://v8.1c.ru/8.1/data/ui/style" xmlns:sys="http://v8.1c.ru/8.1/data/ui/fonts/system" xmlns:v8="http://v8.1c.ru/8.1/data/core" xmlns:v8ui="http://v8.1c.ru/8.1/data/ui" xmlns:web="http://v8.1c.ru/8.1/data/ui/colors/web" xmlns:win="http://v8.1c.ru/8.1/data/ui/colors/windows" xmlns:xen="http://v8.1c.ru/8.3/xcf/enums" xmlns:xpr="http://v8.1c.ru/8.3/xcf/predef" xmlns:xr="http://v8.1c.ru/8.3/xcf/readable" xmlns:xs="http://www.w3.org/2001/XMLSchema" xmlns:xsi="http://www.w3.org/2001/XMLSchema-instance" version="2.20">
	<Configuration uuid="b321e6e8-4332-42ab-b8c0-35c637cfd2ff">
		<InternalInfo>
			<xr:ContainedObject>
				<xr:ClassId>9cd510cd-abfc-11d4-9434-004095e12fc7</xr:ClassId>
				<xr:ObjectId>1175e532-5572-48fa-98c0-1d1cf1937080</xr:ObjectId>
			</xr:ContainedObject>
			<xr:ContainedObject>
				<xr:ClassId>9fcd25a0-4822-11d4-9414-008048da11f9</xr:ClassId>
				<xr:ObjectId>7fcd0d08-9b6f-42a6-af86-97866e5b3262</xr:ObjectId>
			</xr:ContainedObject>
			<xr:ContainedObject>
				<xr:ClassId>e3687481-0a87-462c-a166-9f34594f9bba</xr:ClassId>
				<xr:ObjectId>ede60955-547d-4bc9-af1a-0c75b28d662c</xr:ObjectId>
			</xr:ContainedObject>
			<xr:ContainedObject>
				<xr:ClassId>9de14907-ec23-4a07-96f0-85521cb6b53b</xr:ClassId>
				<xr:ObjectId>1066025d-5573-401a-9be6-7be578d6f5c2</xr:ObjectId>
			</xr:ContainedObject>
			<xr:ContainedObject>
				<xr:ClassId>51f2d5d8-ea4d-4064-8892-82951750031e</xr:ClassId>
				<xr:ObjectId>17cb11b4-7ebf-46ba-94db-26da73cd0a5e</xr:ObjectId>
			</xr:ContainedObject>
			<xr:ContainedObject>
				<xr:ClassId>e68182ea-4237-4383-967f-90c1e3370bc7</xr:ClassId>
				<xr:ObjectId>d84a13e3-42db-46d1-b235-eb85ba80c33e</xr:ObjectId>
			</xr:ContainedObject>
			<xr:ContainedObject>
				<xr:ClassId>fb282519-d103-4dd3-bc12-cb271d631dfc</xr:ClassId>
				<xr:ObjectId>24c567a4-e287-437d-a110-471ef3b942a0</xr:ObjectId>
			</xr:ContainedObject>
		</InternalInfo>
		<Properties>
			<Name>Конфигурация</Name>
			<Synonym/>
			<Comment/>
			<NamePrefix/>
			<ConfigurationExtensionCompatibilityMode>Version8_3_27</ConfigurationExtensionCompatibilityMode>
			<DefaultRunMode>ManagedApplication</DefaultRunMode>
			<UsePurposes>
				<v8:Value xsi:type="app:ApplicationUsePurpose">PlatformApplication</v8:Value>
			</UsePurposes>
			<ScriptVariant>Russian</ScriptVariant>
			<DefaultRoles/>
			<Vendor/>
			<Version/>
			<UpdateCatalogAddress/>
			<IncludeHelpInContents>false</IncludeHelpInContents>
			<UseManagedFormInOrdinaryApplication>false</UseManagedFormInOrdinaryApplication>
			<UseOrdinaryFormInManagedApplication>false</UseOrdinaryFormInManagedApplication>
			<AdditionalFullTextSearchDictionaries/>
			<CommonSettingsStorage/>
			<ReportsUserSettingsStorage/>
			<ReportsVariantsStorage/>
			<FormDataSettingsStorage/>
			<DynamicListsUserSettingsStorage/>
			<URLExternalDataStorage/>
			<Content/>
			<DefaultReportForm/>
			<DefaultReportVariantForm/>
			<DefaultReportSettingsForm/>
			<DefaultReportAppearanceTemplate/>
			<DefaultDynamicListSettingsForm/>
			<DefaultSearchForm/>
			<DefaultDataHistoryChangeHistoryForm/>
			<DefaultDataHistoryVersionDataForm/>
			<DefaultDataHistoryVersionDifferencesForm/>
			<DefaultCollaborationSystemUsersChoiceForm/>
			<RequiredMobileApplicationPermissions/>
			<UsedMobileApplicationFunctionalities>
				<app:functionality>
					<app:functionality>Biometrics</app:functionality>
					<app:use>true</app:use>
				</app:functionality>
				<app:functionality>
					<app:functionality>Location</app:functionality>
					<app:use>false</app:use>
				</app:functionality>
				<app:functionality>
					<app:functionality>BackgroundLocation</app:functionality>
					<app:use>false</app:use>
				</app:functionality>
				<app:functionality>
					<app:functionality>BluetoothPrinters</app:functionality>
					<app:use>false</app:use>
				</app:functionality>
				<app:functionality>
					<app:functionality>WiFiPrinters</app:functionality>
					<app:use>false</app:use>
				</app:functionality>
				<app:functionality>
					<app:functionality>Contacts</app:functionality>
					<app:use>false</app:use>
				</app:functionality>
				<app:functionality>
					<app:functionality>Calendars</app:functionality>
					<app:use>false</app:use>
				</app:functionality>
				<app:functionality>
					<app:functionality>PushNotifications</app:functionality>
					<app:use>false</app:use>
				</app:functionality>
				<app:functionality>
					<app:functionality>LocalNotifications</app:functionality>
					<app:use>false</app:use>
				</app:functionality>
				<app:functionality>
					<app:functionality>InAppPurchases</app:functionality>
					<app:use>false</app:use>
				</app:functionality>
				<app:functionality>
					<app:functionality>PersonalComputerFileExchange</app:functionality>
					<app:use>false</app:use>
				</app:functionality>
				<app:functionality>
					<app:functionality>Ads</app:functionality>
					<app:use>false</app:use>
				</app:functionality>
				<app:functionality>
					<app:functionality>NumberDialing</app:functionality>
					<app:use>false</app:use>
				</app:functionality>
				<app:functionality>
					<app:functionality>CallProcessing</app:functionality>
					<app:use>false</app:use>
				</app:functionality>
				<app:functionality>
					<app:functionality>CallLog</app:functionality>
					<app:use>false</app:use>
				</app:functionality>
				<app:functionality>
					<app:functionality>AutoSendSMS</app:functionality>
					<app:use>false</app:use>
				</app:functionality>
				<app:functionality>
					<app:functionality>ReceiveSMS</app:functionality>
					<app:use>false</app:use>
				</app:functionality>
				<app:functionality>
					<app:functionality>SMSLog</app:functionality>
					<app:use>false</app:use>
				</app:functionality>
				<app:functionality>
					<app:functionality>Camera</app:functionality>
					<app:use>false</app:use>
				</app:functionality>
				<app:functionality>
					<app:functionality>Microphone</app:functionality>
					<app:use>false</app:use>
				</app:functionality>
				<app:functionality>
					<app:functionality>MusicLibrary</app:functionality>
					<app:use>false</app:use>
				</app:functionality>
				<app:functionality>
					<app:functionality>PictureAndVideoLibraries</app:functionality>
					<app:use>false</app:use>
				</app:functionality>
				<app:functionality>
					<app:functionality>AudioPlaybackAndVibration</app:functionality>
					<app:use>false</app:use>
				</app:functionality>
				<app:functionality>
					<app:functionality>BackgroundAudioPlaybackAndVibration</app:functionality>
					<app:use>false</app:use>
				</app:functionality>
				<app:functionality>
					<app:functionality>InstallPackages</app:functionality>
					<app:use>false</app:use>
				</app:functionality>
				<app:functionality>
					<app:functionality>OSBackup</app:functionality>
					<app:use>true</app:use>
				</app:functionality>
				<app:functionality>
					<app:functionality>ApplicationUsageStatistics</app:functionality>
					<app:use>false</app:use>
				</app:functionality>
				<app:functionality>
					<app:functionality>BarcodeScanning</app:functionality>
					<app:use>false</app:use>
				</app:functionality>
				<app:functionality>
					<app:functionality>BackgroundAudioRecording</app:functionality>
					<app:use>false</app:use>
				</app:functionality>
				<app:functionality>
					<app:functionality>AllFilesAccess</app:functionality>
					<app:use>false</app:use>
				</app:functionality>
				<app:functionality>
					<app:functionality>Videoconferences</app:functionality>
					<app:use>false</app:use>
				</app:functionality>
				<app:functionality>
					<app:functionality>NFC</app:functionality>
					<app:use>false</app:use>
				</app:functionality>
				<app:functionality>
					<app:functionality>DocumentScanning</app:functionality>
					<app:use>false</app:use>
				</app:functionality>
				<app:functionality>
					<app:functionality>SpeechToText</app:functionality>
					<app:use>false</app:use>
				</app:functionality>
				<app:functionality>
					<app:functionality>Geofences</app:functionality>
					<app:use>false</app:use>
				</app:functionality>
				<app:functionality>
					<app:functionality>IncomingShareRequests</app:functionality>
					<app:use>false</app:use>
				</app:functionality>
				<app:functionality>
					<app:functionality>AllIncomingShareRequestsTypesProcessing</app:functionality>
					<app:use>false</app:use>
				</app:functionality>
				<app:functionality>
					<app:functionality>TextToSpeech</app:functionality>
					<app:use>false</app:use>
				</app:functionality>
			</UsedMobileApplicationFunctionalities>
			<StandaloneConfigurationRestrictionRoles/>
			<MobileApplicationURLs/>
			<AllowedIncomingShareRequestTypes/>
			<MainClientApplicationWindowMode>Normal</MainClientApplicationWindowMode>
			<DefaultInterface/>
			<DefaultStyle/>
			<DefaultLanguage>Language.Русский</DefaultLanguage>
			<BriefInformation/>
			<DetailedInformation/>
			<Copyright/>
			<VendorInformationAddress/>
			<ConfigurationInformationAddress/>
			<DataLockControlMode>Managed</DataLockControlMode>
			<ObjectAutonumerationMode>NotAutoFree</ObjectAutonumerationMode>
			<ModalityUseMode>DontUse</ModalityUseMode>
			<SynchronousPlatformExtensionAndAddInCallUseMode>DontUse</SynchronousPlatformExtensionAndAddInCallUseMode>
			<InterfaceCompatibilityMode>Taxi</InterfaceCompatibilityMode>
			<DatabaseTablespacesUseMode>DontUse</DatabaseTablespacesUseMode>
			<CompatibilityMode>Version8_3_27</CompatibilityMode>
			<DefaultConstantsForm/>
		</Properties>
		<ChildObjects>
			<Language>Русский</Language>
			<Catalog>Номенклатура</Catalog>
			<Catalog>ОбъектыСтроительства</Catalog>
			<Document>Смета</Document>
			<Document>АктВыполненныхРабот</Document>
			<Enum>ВидыНоменклатуры</Enum>
			<Enum>ВидыДвижений</Enum>
			<Report>ПланФактныйАнализ</Report>
			<AccumulationRegister>ЗатратыНаСтроительство</AccumulationRegister>
		</ChildObjects>
	</Configuration>
</MetaDataObject>